{
  "IcoMoonType": "selection",
  "icons": [
    {
      "icon": {
        "paths": [
          "M366 698l196-196-196-196 60-60 256 256-256 256z"
        ],
        "attrs": [
          {}
        ],
        "isMulticolor": false,
        "isMulticolor2": false,
        "tags": [
          "keyboard_arrow_right"
        ],
        "grid": 24
      },
      "attrs": [
        {}
      ],
      "properties": {
        "order": 1,
        "id": 2,
        "prevSize": 24,
        "code": 59654,
        "name": "right"
      },
      "setIdx": 0,
      "setId": 2,
      "iconIdx": 0
    },
    {
      "icon": {
        "paths": [
          "M658 686l-60 60-256-256 256-256 60 60-196 196z"
        ],
        "attrs": [
          {}
        ],
        "isMulticolor": false,
        "isMulticolor2": false,
        "tags": [
          "keyboard_arrow_left"
        ],
        "grid": 24
      },
      "attrs": [
        {}
      ],
      "properties": {
        "order": 2,
        "id": 1,
        "prevSize": 24,
        "code": 59655,
        "name": "left"
      },
      "setIdx": 0,
      "setId": 2,
      "iconIdx": 1
    },
    {
      "icon": {
        "paths": [
          "M316 334l196 196 196-196 60 60-256 256-256-256z"
        ],
        "attrs": [
          {}
        ],
        "isMulticolor": false,
        "isMulticolor2": false,
        "tags": [
          "keyboard_arrow_down"
        ],
        "grid": 24
      },
      "attrs": [
        {}
      ],
      "properties": {
        "order": 3,
        "id": 0,
        "prevSize": 24,
        "code": 59656,
        "name": "down"
      },
      "setIdx": 0,
      "setId": 2,
      "iconIdx": 2
    },
    {
      "icon": {
        "paths": [
          "M1008 6.286c12 8.571 17.714 22.286 15.429 36.571l-146.286 877.714c-1.714 10.857-8.571 20-18.286 25.714-5.143 2.857-11.429 4.571-17.714 4.571-4.571 0-9.143-1.143-13.714-2.857l-258.857-105.714-138.286 168.571c-6.857 8.571-17.143 13.143-28 13.143-4 0-8.571-0.571-12.571-2.286-14.286-5.143-24-18.857-24-34.286v-199.429l493.714-605.143-610.857 528.571-225.714-92.571c-13.143-5.143-21.714-17.143-22.857-31.429-0.571-13.714 6.286-26.857 18.286-33.714l950.857-548.571c5.714-3.429 12-5.143 18.286-5.143 7.429 0 14.857 2.286 20.571 6.286z"
        ],
        "attrs": [
          {}
        ],
        "width": 1025,
        "isMulticolor": false,
        "isMulticolor2": false,
        "tags": [
          "paper-plane",
          "send"
        ],
        "grid": 14
      },
      "attrs": [
        {}
      ],
      "properties": {
        "order": 1,
        "id": 0,
        "prevSize": 28,
        "code": 59653,
        "name": "telegram"
      },
      "setIdx": 1,
      "setId": 1,
      "iconIdx": 0
    },
    {
      "icon": {
        "paths": [
          "M565.63 512l447.289-447.23c6.631-6.822 10.719-16.145 10.719-26.423 0-20.946-16.98-37.926-37.926-37.926-10.278 0-19.601 4.088-26.432 10.728l0.009-0.009-447.289 447.23-447.23-447.23c-6.822-6.631-16.145-10.719-26.423-10.719-20.946 0-37.926 16.98-37.926 37.926 0 10.278 4.088 19.601 10.728 26.432l-0.009-0.009 447.23 447.23-447.23 447.289c-7.099 6.9-11.503 16.539-11.503 27.207 0 20.946 16.98 37.926 37.926 37.926 10.668 0 20.307-4.404 27.198-11.494l0.009-0.009 447.23-447.289 447.289 447.289c6.583 5.649 15.206 9.088 24.632 9.088 20.946 0 37.926-16.98 37.926-37.926 0-9.5-3.493-18.185-9.265-24.839l0.040 0.047z"
        ],
        "attrs": [
          {}
        ],
        "isMulticolor": false,
        "isMulticolor2": false,
        "grid": 0,
        "tags": [
          "close"
        ]
      },
      "attrs": [
        {}
      ],
      "properties": {
        "order": 7,
        "id": 5,
        "name": "close",
        "prevSize": 32,
        "code": 59648
      },
      "setIdx": 2,
      "setId": 0,
      "iconIdx": 0
    },
    {
      "icon": {
        "paths": [
          "M427.292 1050.738v-479.004h-142.848v-186.027h142.848v-138.24c0-159.858 85.902-246.898 212.423-246.898 1.038-0.004 2.266-0.006 3.495-0.006 43.599 0 86.57 2.689 128.756 7.911l-5.047-0.509v167.253h-86.926c-68.836 0-81.351 36.409-81.351 90.453v120.036h163.214l-21.39 186.027h-141.824v479.004h-171.349z"
        ],
        "attrs": [],
        "isMulticolor": false,
        "isMulticolor2": false,
        "grid": 0,
        "tags": [
          "facebook"
        ],
        "colorPermutations": {}
      },
      "attrs": [],
      "properties": {
        "order": 6,
        "id": 4,
        "name": "facebook",
        "prevSize": 32,
        "code": 59649
      },
      "setIdx": 2,
      "setId": 0,
      "iconIdx": 1
    },
    {
      "icon": {
        "paths": [
          "M1024 512l-408.627-307.2v148.48c-147.915 0.782-285.675 43.58-402.148 117.053l3.146-1.853c-216.32 152.576-216.32 350.208-216.32 350.208 104.625-86.274 237.214-142.139 382.392-152.452l2.172-0.124c26.274-3.455 56.657-5.427 87.5-5.427 50.719 0 100.193 5.332 147.891 15.467l-4.633-0.824v143.36z"
        ],
        "attrs": [],
        "isMulticolor": false,
        "isMulticolor2": false,
        "grid": 0,
        "tags": [
          "share"
        ],
        "colorPermutations": {}
      },
      "attrs": [],
      "properties": {
        "order": 5,
        "id": 3,
        "name": "share",
        "prevSize": 32,
        "code": 59650
      },
      "setIdx": 2,
      "setId": 0,
      "iconIdx": 2
    },
    {
      "icon": {
        "paths": [
          "M1017.472 194.56c-34.906 16.008-75.399 27.715-117.872 33.068l-2.064 0.212c43.24-26.488 75.71-66.945 91.417-114.986l0.423-1.494c-38.152 23.272-82.571 41.029-129.924 50.74l-2.684 0.46c-38.182-40.987-92.463-66.541-152.714-66.541-115.158 0-208.512 93.354-208.512 208.512 0 0.713 0.004 1.426 0.011 2.138l-0.001-0.109c-0 0.132-0 0.289-0 0.445 0 16.866 1.983 33.268 5.728 48.988l-0.288-1.432c-174.243-9.384-327.3-92.778-429.463-219.045l-0.873-1.115c-17.78 30.336-28.279 66.805-28.279 105.726 0 72.564 36.496 136.605 92.134 174.767l0.721 0.467c-34.891-0.753-67.374-10.399-95.475-26.748l0.947 0.508c0 1.28 0 1.92 0 3.2-0 0.007-0 0.016-0 0.024 0 101.025 71.169 185.428 166.105 205.807l1.383 0.249c-16.486 4.43-35.422 6.996-54.95 7.040l-0.026 0c-0.113 0-0.246 0-0.379 0-13.772 0-27.217-1.398-40.201-4.060l1.284 0.22c27.088 84.154 103.734 144.377 194.756 146.555l0.252 0.005c-70.51 56.236-160.916 90.237-259.264 90.24l-0 0c-17.655-0.1-34.934-1.26-51.9-3.419l2.108 0.219c90.791 59.398 201.99 94.735 321.442 94.735 327.341 0 592.704-265.363 592.704-592.704 0-2.233-0.012-4.464-0.037-6.691l0.003 0.34c0-8.96 0-18.56-0.64-27.52 41.11-30.032 75.701-66.090 103.229-107.269l0.963-1.531z"
        ],
        "attrs": [],
        "isMulticolor": false,
        "isMulticolor2": false,
        "grid": 0,
        "tags": [
          "twitter"
        ],
        "colorPermutations": {}
      },
      "attrs": [],
      "properties": {
        "order": 4,
        "id": 1,
        "name": "twitter",
        "prevSize": 32,
        "code": 59651
      },
      "setIdx": 2,
      "setId": 0,
      "iconIdx": 3
    },
    {
      "icon": {
        "paths": [
          "M501.077 780.516h61.269c10.705-1.028 20.288-5.152 28.028-11.453l-0.095 0.075c5.257-6.87 8.423-15.583 8.423-25.035 0-0.199-0.001-0.397-0.004-0.595l0 0.030s-1.195-77.938 36.921-89.884 85.902 75.662 137.102 109.227c16.5 12.304 37.289 19.699 59.806 19.699 2.978 0 5.926-0.129 8.839-0.383l-0.378 0.027 136.875-1.707s71.566-3.982 37.604-57.458c-27.762-43.778-61.555-80.867-100.745-111.344l-0.972-0.728c-85.845-75.662-74.354-63.716 29.013-194.56 62.976-79.644 88.121-128.569 80.27-149.049-10.945-9.928-25.541-16.005-41.556-16.005-4.319 0-8.535 0.442-12.605 1.283l0.401-0.069-154.112 0.569c-1.015-0.091-2.195-0.143-3.387-0.143-5.987 0-11.669 1.31-16.773 3.659l0.25-0.103c-5.692 4.17-10.282 9.505-13.479 15.679l-0.118 0.25c-18.136 44.583-37.211 82.186-58.946 117.996l2.057-3.65c-68.608 110.933-96.085 116.622-107.292 109.796-26.055-16.498-19.57-64.853-19.57-98.987 0-107.52 17.067-151.893-33.337-163.84-19.446-4.394-41.779-6.911-64.7-6.911-2.534 0-5.062 0.031-7.581 0.092l0.373-0.007c-8.975-0.807-19.414-1.267-29.961-1.267-34.883 0-68.59 5.035-100.434 14.417l2.509-0.634c-17.522 8.533-31.061 26.169-22.756 27.876 17.924 1.302 33.81 9.106 45.499 21.037l0.012 0.012c9.67 18.333 15.346 40.066 15.346 63.124 0 1.208-0.016 2.413-0.047 3.613l0.004-0.178s9.045 126.293-21.22 142.222c-20.764 10.809-49.266-11.378-110.421-111.502-18.196-30.031-36.601-65.718-52.681-102.65l-2.33-6.008c-2.949-6.608-7.258-12.138-12.601-16.432l-0.085-0.066c-6.788-4.282-14.738-7.456-23.248-9.038l-0.417-0.064-146.432 1.138c-11.276 0.004-21.704 3.629-30.187 9.775l0.15-0.103c-1.946 3.749-3.087 8.185-3.087 12.888 0 4.191 0.906 8.171 2.534 11.753l-0.073-0.178s114.631 255.431 244.622 384c64.538 66.582 154.344 108.347 253.911 109.792l0.269 0.003z"
        ],
        "attrs": [],
        "isMulticolor": false,
        "isMulticolor2": false,
        "grid": 0,
        "tags": [
          "vk"
        ],
        "colorPermutations": {}
      },
      "attrs": [],
      "properties": {
        "order": 3,
        "id": 0,
        "name": "vk",
        "prevSize": 32,
        "code": 59652
      },
      "setIdx": 2,
      "setId": 0,
      "iconIdx": 4
    }
  ],
  "height": 1024,
  "metadata": {
    "name": "icomoon"
  },
  "preferences": {
    "showGlyphs": true,
    "showCodes": true,
    "showQuickUse": true,
    "showQuickUse2": true,
    "showSVGs": true,
    "fontPref": {
      "prefix": "icon-",
      "metadata": {
        "fontFamily": "icomoon"
      },
      "metrics": {
        "emSize": 1024,
        "baseline": 6.25,
        "whitespace": 50
      },
      "embed": false
    },
    "imagePref": {
      "prefix": "icon-",
      "png": true,
      "useClassSelector": true,
      "color": 0,
      "bgColor": 16777215,
      "classSelector": ".icon"
    },
    "historySize": 50,
    "gridSize": 16
  }
}